title,price
Premium Wireless Earbuds - Miami Edition,49.99
AirPods 2nd Generation with Charging Case - White,55.0
Premium Wireless Earbuds - Miami Edition,49.99
AirPods 2nd Generation with Charging Case - White,55.0
Radiator Cooling Fan Assembly for BMW 3 Series 325i 328i 330i E46 17117510617,108.14
130000RPM Turbo Blower Jet Fan Violent Turbofan Brushless Motor Rechargeable USA,22.69
"42"" Stainless Steel LED Chandelier 3-Color Light Remote Reversible Ceiling Fans",149.99
"42"" Stainless Steel LED Chandelier 3-Color Light Remote Reversible Ceiling Fans",149.99
"13 Row Trust Oil Cooler Thermostat Sandwich Plate Kit+7"" Electric cooling Fan",111.78
"Cold Case Radiators Aluminum Performance Radiator 20"" With 16"" Fan Manual Tra...",555.45
Cold Case Radiators Aluminum Performance Radiator And Fan Kit Bronco 1966-1977,604.45
Radiator Cooling Fan Assembly for BMW 3 Series 325i 328i 330i E46 17117510617,108.14
Non Stick Cast Iron Frying Diamond pattern Pans Dishwasher Removable Pan 8-12in,44.99
FOGATTI Non-Ducted RV Air Conditioner 15000BTU RV Rooftop AC Unit for Cooling,879.99
NIIMBOT D110-M Label Maker Machine Thermal Bluetooth Portable Label Printer,19.99
4PK High Pages 923 923e Ink Cartridges Use for HP Printers OfficeJet Pro 8123,49.99
Presale Sovol SV06Plus ACE 3D Printer Open Source Stable Z-axis 500mm/s Printing,349.0
Presale Sovol SV06Plus ACE 3D Printer Open Source Stable Z-axis 500mm/s Printing,349.0
"For Dell OEM Inspiron 15 3510 3515 15.6"" LCD LED WXGAHD Widescreen 78KFY new",51.0
SKOWER 42Wh WDX0R Battery For Dell Inspiron 13 5378 5368 7378 5568 15 5567 WDXOR,15.99
SKOWER 42Wh WDX0R Battery For Dell Inspiron 13 5378 5368 7378 5568 15 5567 WDXOR,15.99
"New Open Box Lenovo ThinkPad P16 Gen 2 16"" Intel i9-13950HX 32GB RAM 1TB SSD",98.17
5B21J05043 For Lenovo 100e Chromebook Gen 3 Motherboard N4500 4G 64G EMMC,135.98
Apple MacBook Pro MB990LL/A 13.3 in. Notebook NEW,500.0
Apple MacBook Pro MB990LL/A 13.3 in. Notebook NEW,500.0
Apple MacBook Pro MB990LL/A 13.3 in. Notebook NEW,500.0
Old Simple Product Test Product Apple MacBook Pro MB990LL/A 13.3,6.66
Old Variants Product Test Product Apple MacBook Pro MB990LL/A 13.3,7.77
Apple MacBook Pro MB990LL/A 13.3 in. Notebook NEW,500.0
MacBook Pro 512GB,400.23
MacBook Air 13-inch 2024 M3 / 16GB RAM / 512GB SSD / 10-Core GPU / Space Gray,1029.0
Apple MacBook Pro MB990LL/A 13.3 in. Notebook NEW,500.0
2024 Apple MacBook Air 13-inch M3 Chip 16GB RAM 256GB SSD Midnight MC8K4LL/A,859.0
Apple MacBook Pro MB990LL/A 13.3 in. Notebook NEW,99.88
Apple MacBook Pro MB990LL/A 13.3 in. Notebook NEW,500.0
Curry Apple MacBook Pro NEW,5.0
Apple MacBook Pro MB990LL/A 13.3 in. Notebook NEW,500.0
Apple MacBook Pro MB990LL/A 13.3 in. Notebook NEW,500.0
Apple MacBook Pro MBfgsgsdg990LL/A 13.3 infsdg. Notebook NEW,50.0
Apple MacBook Pro MB990LL/A 13.3 in. Notebook NEW,500.0
Apple MacBook Pro MB990LL/A 13.3 in. Notebook NEW test 02,5.0
Apple MacBook Pro MB990LL/A 13.3 in. Notebook NEW,500.0
Apple MacBook Pro MB990LL/A 13.3 in. Notebook NEW,500.0
"Ultra Slim Wireless Keyboard & Mouse Combo, Mini 2.4G for USB Devices",16.2
"Urao Tablet 10.1"" Android 14 Octa-Core Tablets,10GB+64GB With Keyboard/Mouse IPS",157.98
"Ultra Slim Wireless Keyboard & Mouse Combo, Mini 2.4G for USB Devices",16.2
"Urao Tablet 10.1"" Android 14 Octa-Core Tablets,10GB+64GB With Keyboard/Mouse IPS",157.98
5B21J05043 For Lenovo 100e Chromebook Gen 3 Motherboard N4500 4G 64G EMMC,135.98
For ASUS FX505D FX505DU FX505DV laptop Motherboard R5 R7 RTX2060-6G mainboard,193.8
AirPods 2nd Generation with Charging Case - White,55.0
Iphone 25 Pro e,97.5
3X For iPhone 16 15 14 13 12 11 Pro Max  Privacy Tempered Glass Screen Protector,5.95
My Test IPhone,202.7
For  iPhone 8 7 Plus X Xs Max XRCASE ME Wallet Case Flip Card Holder Cover ,9.99
For  iPhone 8 7 Plus X Xs Max XRCASE ME Wallet Case Flip Card Holder Cover ,9.99
For  iPhone 8 7 Plus X Xs Max XRCASE ME Wallet Case Flip Card Holder Cover ,9.99
For iPhone 16 15 Plus 14 13 12 X Pro Max Shockproof Cover Phone Case Cinnamoroll,23.2
For iPhone 16 15 Plus 14 13 12 X Pro Max Shockproof Cover Phone Case Cinnamoroll,23.2
For iPhone 16 15 Plus 14 13 12 X Pro Max Shockproof Cover Phone Case Cinnamoroll,23.2
For iPhone 16 15 Plus 14 13 12 X Pro Max Shockproof Cover Phone Case Cinnamoroll,23.2
For iPhone 16 15 Plus 14 13 12 X Pro Max Shockproof Cover Phone Case Cinnamoroll,23.2
NEW Samsung Galaxy Note 20 Ultra 5G 128GB Unlocked Smartphone SM-N986U1 ,307.58
Product1,37.4
Woollen T-Shirts,30.0
Test product description,71.5
產品 1,3.34
無線藍牙耳機,59.0
無線藍牙耳機,1.79
Iphone 25 Pro e,97.5
NEW Samsung Galaxy S20 Ultra 5G SM-G988U1 12+128GB US STOCK Smartphone Unlocked ,252.22
Metallor Smartphone Guitar Capo  Phone Mount Learning & Playing Guitars,19.9
Metallor Smartphone Guitar Capo  Phone Mount Learning & Playing Guitars,19.9
Metallor Smartphone Guitar Capo  Phone Mount Learning & Playing Guitars,19.9
MacBook Pro 512GB,400.23
產品 3,23.1
產品 1,432.82
無線藍牙耳機,3.05
變異產品測試,962.5
無線藍牙耳機,1945.88
產品1,3.35
產品 1,3.35
產品 1,3.35
產品 1,3.35
無線藍牙耳機,1.79
Metallor Smartphone Guitar Capo  Phone Mount Learning & Playing Guitars,19.9
產品 1,432.82
